<?xml version="1.0" encoding="UTF-8"?>
<beans xmlns="http://www.springframework.org/schema/beans" 
    xmlns:security="http://www.springframework.org/schema/security" 
	xmlns:xsi="http://www.w3.org/2001/XMLSchema-instance"
	xmlns:context="http://www.springframework.org/schema/context"
 	xmlns:mvc="http://www.springframework.org/schema/mvc"
	xsi:schemaLocation="http://www.springframework.org/schema/beans 
	    http://www.springframework.org/schema/beans/spring-beans.xsd
		http://www.springframework.org/schema/security 
		http://www.springframework.org/schema/security/spring-security.xsd
		http://www.springframework.org/schema/context 
		http://www.springframework.org/schema/context/spring-context.xsd
		http://www.springframework.org/schema/mvc 
		http://www.springframework.org/schema/mvc/spring-mvc.xsd">

 	<mvc:annotation-driven validator="validator"/>
 
 	<context:component-scan base-package="edu.mum.controller" />
 	
	<bean class="org.springframework.web.servlet.view.InternalResourceViewResolver">
		<property name="prefix" value="/WEB-INF/views/" />
		<property name="suffix" value=".jsp" />
	</bean>
	
	<mvc:resources  location="/resources/"  mapping="/resource/**"/>
 
  
  	<bean id="messageSource"
		class="org.springframework.context.support.ReloadableResourceBundleMessageSource">
		<property name="basenames" value="classpath:messages,classpath:errorMessages" />
		<property name="defaultEncoding" value="UTF-8"/>
	</bean>
 
  
	<bean id="validator"
		class="org.springframework.validation.beanvalidation.LocalValidatorFactoryBean">
		<property name="validationMessageSource" ref="messageSource" />
	</bean>
	
	 	<mvc:interceptors>
		<mvc:interceptor>
        	 <mvc:mapping path="/**"/>
        	<bean class="mum.edu.interceptor.VolunteerInterceptor" />
    	</mvc:interceptor>	 			
	</mvc:interceptors>
 
	<bean id="multipartResolver" class ="org.springframework.web.multipart.commons.CommonsMultipartResolver">

		<property name="maxUploadSize" value ="-1"/><!-- "10240000"/> -->

    </bean>
    
    <mvc:interceptors>
 			<bean class= "org.springframework.web.servlet.i18n.LocaleChangeInterceptor">
				<property name="paramName" value="language"/>
	 		</bean>	 	
 		</mvc:interceptors>

		<bean id="localeResolver" class="org.springframework.web.servlet.i18n.SessionLocaleResolver">
		<property name="defaultLocale" value="en"/>
	</bean>
    
  </beans>
